Unnamed: 0,source,title_desc,publishedAt,confidence_1,confidence_-1,confidence_0,best_label,best_confidence,second_likely,second_confidence,least_likely,least_confidence
0,CBC,"Canada's economy was slowing down even before COVID-19 hit, February GDP numbers suggest. Rail blockades and Ontario teacher strikes helped wiped out growth",2020-04-30,0.0003689764125738293,0.9991951584815979,0.00043587348773144186,-1,0.9991951584815979,0,0.00043587348773144186,1,0.0003689764125738293
1,CBC,"Canada's economy was slowing even before COVID-19 hit, January GDP numbers show. Transportation, retail and oil and gas sector were contracting",2020-03-31,0.017793696373701096,0.051718052476644516,0.9304882884025574,0,0.9304882884025574,-1,0.051718052476644516,1,0.017793696373701096
2,CBC,Canada's economy rebounded with 0.1% GDP increase in November. October contraction reversed by slight expansion in November,2020-01-31,0.004127161577343941,0.9901934266090393,0.005679341033101082,-1,0.9901934266090393,0,0.005679341033101082,1,0.004127161577343941
3,CBC,Canada's debt-to-GDP ratio isn't a major election issue. But should it be?. Spending is always an important issue in any federal election campaign,2019-10-19,0.026472141966223717,0.0014038041699677706,0.9721240401268005,0,0.9721240401268005,1,0.026472141966223717,-1,0.0014038041699677706
4,CBC,"U.S. reports on GDP, consumer spending remain positive. Improvement in economic data seemingly reduces the risks of a recession in the near term",2019-11-27,0.0077996933832764626,0.9907213449478149,0.0014789588749408722,-1,0.9907213449478149,1,0.0077996933832764626,0,0.0014789588749408722
5,CBC,A crisis like no other: Canada's finances could take years to recover from the pandemic recession. No one knows for sure what the post-pandemic economy will look like — or which businesses will live to see it,2020-05-16,0.0039124926552176476,0.9839682579040527,0.012119283899664879,-1,0.9839682579040527,0,0.012119283899664879,1,0.0039124926552176476
6,CBC,"Federal deficit likely to be higher than $252 billion, parliamentary budget officer says. PBO says it's possible federal debt will hit $1 trillion because of pandemic relief spending",2020-05-13,0.0013218297390267253,0.998241662979126,0.00043654610635712743,-1,0.998241662979126,1,0.0013218297390267253,0,0.00043654610635712743
7,CBC,New Zealand plans spending spree to counter virus job losses. Finance Minister Grant Robertson unveiled a budget Thursday unlike any in nation's history,2020-05-14,0.7830067276954651,0.12639263272285461,0.0906006321310997,1,0.7830067276954651,-1,0.12639263272285461,0,0.0906006321310997
8,CBC,"The pandemic has laid bare structural inequalities in our food systems, advocate says. 'What this crisis has done is magnify and shine a light on these cracks within our food system'",2020-05-15,0.004719569347798824,0.925214409828186,0.07006599754095078,-1,0.925214409828186,0,0.07006599754095078,1,0.004719569347798824
9,CBC,England tiptoes out of lockdown as economy dives. U.K. economy contracted by a record 5.8 per cent in March from February,2020-05-13,0.00351167400367558,0.9956924319267273,0.0007959531503729522,-1,0.9956924319267273,1,0.00351167400367558,0,0.0007959531503729522
10,CBC,"Ontario confirms 308 new COVID-19 cases, state of emergency to be pushed to June 2. COVID-19 death toll in Ontario sits at 1,733",2020-05-11,0.054779525846242905,0.555481493473053,0.3897390365600586,-1,0.555481493473053,0,0.3897390365600586,1,0.054779525846242905
11,CBC,"With $20B Alberta deficit possible, Kenney warns province won't be able to 'insulate everyone'. Projections show Alberta's debt-to-GDP ratio could approach 20% this time next year",2020-04-26,0.011885291896760464,0.982970118522644,0.0051446170546114445,-1,0.982970118522644,1,0.011885291896760464,0,0.0051446170546114445
13,CBC,"It's official — Canada's economy is in a recession, C.D. Howe says. Influential business group declares that slowdown meets bar to declare a recession",2020-05-01,0.050017885863780975,0.9251134991645813,0.024868648499250412,-1,0.9251134991645813,1,0.050017885863780975,0,0.024868648499250412
14,CBC,"Federal deficit could top $252 billion, says budget officer. PBO report assumes real GDP will contract by 12 per cent this year",2020-04-30,0.07554908096790314,0.8764147162437439,0.048036202788352966,-1,0.8764147162437439,1,0.07554908096790314,0,0.048036202788352966
15,CBC,"Ontario confirms 308 new COVID-19 cases, state of emergency to be pushed to June 2. COVID-19 death toll in Ontario sits at 1,776, according to a CBC count",2020-05-12,0.03825697675347328,0.8549129962921143,0.10682998597621918,-1,0.8549129962921143,0,0.10682998597621918,1,0.03825697675347328
16,CBC,"Deficit reduction will have to wait for the economic recovery, federal officials say. Federal aid programs could continue well into the recovery phase, says government official",2020-05-09,0.00535375252366066,0.02100227214396,0.9736440181732178,0,0.9736440181732178,-1,0.02100227214396,1,0.00535375252366066
17,CBC,"Diverting water from Lake Diefenbaker could help expand Sask. agriculture, Ralph Goodale says. Conduit infrastructure would cost about $3B",2020-05-08,0.10782910883426666,0.01185559295117855,0.8803153038024902,0,0.8803153038024902,1,0.10782910883426666,-1,0.01185559295117855
18,CBC,"Provincial parks, trails and other tourist attractions set to reopen. Some services may be altered or eliminated because of COVID-19 restrictions",2020-05-13,0.002222007606178522,0.005052553024142981,0.9927254915237427,0,0.9927254915237427,-1,0.005052553024142981,1,0.002222007606178522
19,CBC,"Rowing against the tide of history: Pallister's pandemic response could do lasting damage to Manitoba economy. Wherever and whenever it has been tried, austerity has failed as an economic strategy, say U of M professors",2020-04-25,0.03622356057167053,0.006085687316954136,0.9576906561851501,0,0.9576906561851501,1,0.03622356057167053,-1,0.006085687316954136
20,CBC,"COVID-19 has world's major economies on track for worst quarterly decline in history. Yearly numbers should be better, but economists warn recovery could take months",2020-04-16,0.00021169929823372513,0.99974125623703,4.699381679529324e-05,-1,0.99974125623703,1,0.00021169929823372513,0,4.699381679529324e-05
22,CBC,"Austerity is the wrong path for Manitoba during coronavirus pandemic: U of M professor. 'We can't afford not to help those around us,' says Asper School of Business assistant prof Shiu-Yik Au",2020-04-16,0.000926670094486326,0.00018178217578679323,0.9988915324211121,0,0.9988915324211121,1,0.000926670094486326,-1,0.00018178217578679323
24,CBC,Sask. projects revenue loss of $1B to $3B as province faces 'pandemic deficit'. Finance minister says province will provide 'all financial resources necessary' to combat COVID-19,2020-04-17,0.2248382866382599,0.4008188247680664,0.3743428885936737,-1,0.4008188247680664,0,0.3743428885936737,1,0.2248382866382599
25,CBC,Sask. finance minister to provide an update Friday amid fiscal uncertainty. COVID-19 and economic situation could have Sask. headed for $1B deficit: analysts,2020-04-16,0.004995979368686676,0.9922260046005249,0.002778050722554326,-1,0.9922260046005249,1,0.004995979368686676,0,0.002778050722554326
26,CBC,"Economy could contract by 25% in second quarter, deficit could soar to $112.7B: PBO report. PBO predicts that the economy will contract by 5.1% in 2020-21 — the biggest drop since 1962",2020-03-27,0.6767563819885254,0.3216979205608368,0.0015456619439646602,1,0.6767563819885254,-1,0.3216979205608368,0,0.0015456619439646602
27,CBC,Canada shifts its UN Security Council campaign pitch in response to pandemic. Trudeau government is convinced it needs to be at the table as nations make post-pandemic plans,2020-05-05,0.03710433095693588,0.9088543057441711,0.05404134467244148,-1,0.9088543057441711,0,0.05404134467244148,1,0.03710433095693588
29,CBC,Many Sask. restaurants might permanently close due to COVID-19. Owner of two Regina restaurants says business is down 90%,2020-05-08,0.01809164695441723,0.9128907918930054,0.06901754438877106,-1,0.9128907918930054,0,0.06901754438877106,1,0.01809164695441723
30,CBC,"Liberal government 'not thinking about raising taxes' right now, says Morneau. Trudeau dismisses calls for a budget in the short term as PBO warns debt could hit $1 trillion",2020-05-14,0.008400890976190567,0.9911354780197144,0.00046362343709915876,-1,0.9911354780197144,1,0.008400890976190567,0,0.00046362343709915876
31,CBC,Bank of Canada flags Alberta economic challenges in latest update. Crown corporation anticipates province will stablilize next year,2019-10-30,0.05482190474867821,0.5623424053192139,0.3828356862068176,-1,0.5623424053192139,0,0.3828356862068176,1,0.05482190474867821
32,CBC,Italians allowed to visit relatives as country loosens more coronavirus restrictions. Anyone wearing a mask and following physical distancing can visit relatives to sixth degree and kin to fourth,2020-05-04,0.0093900877982378,5.382052404456772e-05,0.9905560612678528,0,0.9905560612678528,1,0.0093900877982378,-1,5.382052404456772e-05
33,CBC,"How bad will Canada's COVID-19 recession be?. 2 million jobs could be at stake, and the economy could shrink by more than it did in 2009",2020-03-27,0.0005403873510658741,0.9994470477104187,1.2510929082054645e-05,-1,0.9994470477104187,1,0.0005403873510658741,0,1.2510929082054645e-05
34,CBC,What voters need to know about deficits and the debt.  Federal government posted a budgetary deficit of $14 billion last year,2019-10-03,0.0005335434107109904,0.9991188645362854,0.00034763026633299887,-1,0.9991188645362854,1,0.0005335434107109904,0,0.00034763026633299887
36,CBC,"COVID-19 not the only economic headwind on the horizon for Manitoba, budget warns. 2020-21 spending plan includes $300M more for rainy-day fund, $57M more for emergency expenditures",2020-03-19,0.2133118361234665,0.2567560076713562,0.5299322009086609,0,0.5299322009086609,-1,0.2567560076713562,1,0.2133118361234665
37,CBC,"N.W.T. small businesses wonder if they'll survive 'tough year' ahead caused by COVID-19. Businesses, government doing what they can, but economic fallout from COVID-19 will be deeply felt",2020-04-06,0.022420130670070648,0.23027102649211884,0.7473089098930359,0,0.7473089098930359,-1,0.23027102649211884,1,0.022420130670070648
39,CBC,Stampede cancellation will rip about $500M from Alberta economy. 10-day celebration impacts everyone from cab drivers to restaurants to hotels,2020-04-24,0.28966501355171204,0.33460113406181335,0.3757338523864746,0,0.3757338523864746,-1,0.33460113406181335,1,0.28966501355171204
40,CBC,"Alberta economy on track for most severe annual decline on record, national report predicts. 'The provincial government is in a tight spot,' says Conference Board of Canada",2020-04-15,0.0021333086770027876,0.0007226214511319995,0.9971440434455872,0,0.9971440434455872,1,0.0021333086770027876,-1,0.0007226214511319995
41,CBC,"Conservative Leader Andrew Scheer to drop pledge to balance budget in 2 years. 'In the last three years, Trudeau has made an even bigger mess of the budget than I thought possible'",2019-05-23,0.3987009525299072,0.5657166838645935,0.035582300275564194,-1,0.5657166838645935,1,0.3987009525299072,0,0.035582300275564194
42,CBC,"Quebec unemployment rate soars to 17%, highest ever recorded. The province's economy lost an estimated 821,000 jobs in April",2020-05-09,7.280398858711123e-05,0.9998795986175537,4.762037860928103e-05,-1,0.9998795986175537,1,7.280398858711123e-05,0,4.762037860928103e-05
43,CBC,"Two more deaths, 106 new cases of COVID-19 in Alberta. 1,181 total cases of COVID-19 in the province",2020-04-05,0.25869500637054443,0.10136362910270691,0.6399413347244263,0,0.6399413347244263,1,0.25869500637054443,-1,0.10136362910270691
44,CBC,"'All bets are off' as Dominion Diamond Mines faces severe cash crunch. Alberta court grants Dominion's protection order, company cites COVID-19 pandemic as a factor",2020-04-23,0.027163907885551453,0.93172687292099,0.04110926389694214,-1,0.93172687292099,0,0.04110926389694214,1,0.027163907885551453
45,CBC,"How a year without concerts, festivals and conferences could hit B.C.'s economy. Events generate hundreds of millions of dollars in communities across province every year",2020-05-08,0.07979230582714081,0.0030290833674371243,0.9171786904335022,0,0.9171786904335022,1,0.07979230582714081,-1,0.0030290833674371243
47,CBC,Women have been on front lines of Italy's war on coronavirus but shut out from task force leading response. Thousands of women also furious with government they say is clueless about their needs,2020-05-10,0.017939409241080284,0.031402766704559326,0.9506579041481018,0,0.9506579041481018,-1,0.031402766704559326,1,0.017939409241080284
48,CBC,"Edmonton economy to improve only slightly in 2020, city's chief economist says. Capital city can expect ‘very modest’ growth, John Rose says",2020-01-02,0.0057313148863613605,0.0018794209463521838,0.9923892617225647,0,0.9923892617225647,1,0.0057313148863613605,-1,0.0018794209463521838
49,CBC,How the coronavirus has thrown interest rate plans out the window. 40 banks around the world have already cut interest rates — and Canada could be next,2020-03-01,0.2844064235687256,0.4696378707885742,0.24595563113689423,-1,0.4696378707885742,1,0.2844064235687256,0,0.24595563113689423
50,CBC,Coronavirus could be the global shock that economists have feared: Don Pittis. But avoiding panic over the disease's economic impact will prevent a worse result,2020-02-26,0.026893125846982002,0.9645146727561951,0.008592153899371624,-1,0.9645146727561951,1,0.026893125846982002,0,0.008592153899371624
52,CBC,"Alberta economy to improve ever so slightly after tough 2019, according to ATB. The latest economic outloook doesn't anticipate big changes as headwinds continue to blow",2019-12-12,0.0052415793761610985,0.9822194576263428,0.012539010494947433,-1,0.9822194576263428,0,0.012539010494947433,1,0.0052415793761610985
53,CBC,"Toronto Raptors helped spike Canada's economy in May, StatsCan says. GDP expanded by 0.2% in month and 1.4% annual pace",2019-08-01,0.16658790409564972,0.8108811974525452,0.02253088541328907,-1,0.8108811974525452,1,0.16658790409564972,0,0.02253088541328907
54,CBC,"121,500 B.C. food-service staff have lost jobs due to COVID-19 — and more could follow: Restaurants Canada. Nearly 10% of restaurants across country have closed since March 1, according to association survey",2020-04-02,0.005546306259930134,0.24302519857883453,0.7514285445213318,0,0.7514285445213318,-1,0.24302519857883453,1,0.005546306259930134
55,CBC,"Recession or depression? Canada's economy is in for a rough spring. With economic activity diving in Canada, just how bad will it get?",2020-04-15,0.00038998262607492507,0.9987788796424866,0.000831174198538065,-1,0.9987788796424866,0,0.000831174198538065,1,0.00038998262607492507
56,CBC,Can this pandemic be the crisis that finally forces us to fix long-term care?. The death toll in long-term care should horrify us all — enough to finally fix a badly broken system,2020-04-25,0.012118637561798096,0.9641202688217163,0.023761123418807983,-1,0.9641202688217163,0,0.023761123418807983,1,0.012118637561798096
58,CBC,"What you need to know about COVID-19 in Alberta on Sunday, April 26. Global deaths from COVID-19 have surpassed 203,000, researchers say",2020-04-26,0.00871896743774414,0.1265966296195984,0.8646844029426575,0,0.8646844029426575,-1,0.1265966296195984,1,0.00871896743774414
59,CBC,China says misleading to suggest it needs trade deal due to slowing economy. Economic growth in China cooled to 6.2% in the 2nd quarter,2019-07-16,0.0014149919152259827,0.9977788329124451,0.0008061689441092312,-1,0.9977788329124451,1,0.0014149919152259827,0,0.0008061689441092312
60,CBC,"Kenney's claim carbon tax damaged Alberta economy is refuted in court documents. NDP’s Climate Leadership Plan had marginal effect on GDP growth, analysis shows ",2019-12-16,0.00975979957729578,0.9760065078735352,0.014233696274459362,-1,0.9760065078735352,0,0.014233696274459362,1,0.00975979957729578
61,CBC,"Industry minister says she'll 'put the pressure on' feds after Dominion files for creditor protection. As for Dominion Diamond's future, the minister said she doesn't know much more than the public does",2020-04-24,0.004230886697769165,0.0004345772904343903,0.9953344464302063,0,0.9953344464302063,1,0.004230886697769165,-1,0.0004345772904343903
62,CBC,"While Yukon businesses brace for lack of tourism, the pandemic's impact on mining is less clear. 'The economic spinoff of tourism is not to be underestimated,' says territory's wilderness tourism association",2020-04-21,0.0008147273911163211,0.0006942295585758984,0.9984910488128662,0,0.9984910488128662,1,0.0008147273911163211,-1,0.0006942295585758984
63,CBC,"Retailers foresee holiday joy — even as Poloz looks to hold line on rates: Don Pittis. While the world cuts interest rates, the Bank of Canada likely won't if we keep shopping",2019-12-03,0.06918024271726608,0.7691243290901184,0.16169540584087372,-1,0.7691243290901184,0,0.16169540584087372,1,0.06918024271726608
64,CBC,Alberta finance minister authorized to borrow up to $25 billion. Budget planned for $6.8 billion in borrowing,2020-04-24,0.331161767244339,0.12626774609088898,0.5425704121589661,0,0.5425704121589661,1,0.331161767244339,-1,0.12626774609088898
65,CBC,P.E.I. announces $4.7M to tackle potato surplus related to COVID-19 market conditions. 'This will help to ensure no product is lost so that farmers are in good position for the 2020 growing season',2020-04-23,0.20249351859092712,0.19172413647174835,0.6057823300361633,0,0.6057823300361633,1,0.20249351859092712,-1,0.19172413647174835
66,CBC,'It was mandatory': Calgary Stampede cancelled for 1st time in almost a century due to pandemic. Calgary's world-famous event draws more than 1 million visitors each year,2020-04-24,0.1805344671010971,0.22959405183792114,0.5898714661598206,0,0.5898714661598206,-1,0.22959405183792114,1,0.1805344671010971
70,CBC,"Path of COVID-19 economy even harder to predict than that of virus itself: Don Pittis. Economic bounce-back depends not just on what virus does but how governments, businesses, people react",2020-05-04,0.0032704465556889772,0.007713629398494959,0.9890159964561462,0,0.9890159964561462,-1,0.007713629398494959,1,0.0032704465556889772
71,CBC,"Economy flat in July as oil and gas sector down, Statistics Canada says. Economists had expected growth of 0.1 per cent, according to financial markets data firm Refinitiv.",2019-10-01,0.4618055820465088,0.19593879580497742,0.3422556221485138,1,0.4618055820465088,0,0.3422556221485138,-1,0.19593879580497742
72,CBC,"'We make zero': How COVID-19 is likely to impact B.C.'s economy. Extent of damage largely dependent on the time it takes to contain the virus, economists say",2020-04-12,0.008543803356587887,0.212271049618721,0.7791851758956909,0,0.7791851758956909,-1,0.212271049618721,1,0.008543803356587887
74,CBC,"Conference Board slashes Manitoba's 2019 economic growth projection ahead of election. Trade tensions, less robust consumer and government spending weigh down province's economy",2019-08-22,0.01894930563867092,0.9682192206382751,0.012831499800086021,-1,0.9682192206382751,1,0.01894930563867092,0,0.012831499800086021
76,CBC,"Canada's economy expanded 0.2% in June despite manufacturing slowdown. For the second month in a row, Toronto Raptors playoff run helped boost spending to have impact on GDP",2019-08-30,0.2981981933116913,0.6745184063911438,0.02728344313800335,-1,0.6745184063911438,1,0.2981981933116913,0,0.02728344313800335
78,CBC,"Why are stock markets soaring amid so much uncertainty?. Despite gloomy forecasts and slow growth, it doesn't take much to spur investors",2019-11-05,0.06658781319856644,0.325472354888916,0.6079398393630981,0,0.6079398393630981,-1,0.325472354888916,1,0.06658781319856644
79,CBC,"For Alberta, the day of fiscal reckoning has arrived. Province’s economy and budget can recover, but it will require hard choices",2020-04-28,0.02371133118867874,0.9374204277992249,0.03886818513274193,-1,0.9374204277992249,0,0.03886818513274193,1,0.02371133118867874
80,CBC,"Rising home prices encourage consumers to borrow and spend, giving economy a boost. Bank of Canada study analyzes spending triggered by borrowing against the house",2019-09-20,0.5557979941368103,0.0871095135807991,0.3570924401283264,1,0.5557979941368103,0,0.3570924401283264,-1,0.0871095135807991
81,CBC,Ontario introduces $17B COVID-19 package; more than doubles deficit in fiscal update. Finance Minister Rod Phillips will table a full budget by Nov. 15,2020-03-25,0.01582776941359043,0.3910190165042877,0.593153178691864,0,0.593153178691864,-1,0.3910190165042877,1,0.01582776941359043
82,CBC,"A month after Dorian, the Bahamas still needs aid — but officials say it needs tourists even more. 'If we're going to help those islands rebuild ... people need to visit our country,' says tourism minister",2019-10-04,0.003424601862207055,0.003323390381410718,0.9932519793510437,0,0.9932519793510437,1,0.003424601862207055,-1,0.003323390381410718
83,CBC,How COVID-19 blew up the Doug Ford government's budget. Ontario’s 2020-21 spending plan makes optimistic assumption that economy won’t shrink this year,2020-03-25,0.016238365322351456,0.9653738141059875,0.01838781125843525,-1,0.9653738141059875,0,0.01838781125843525,1,0.016238365322351456
84,CBC,"Trade war darkens economic forecasts for Canada. National Bank, Bank of America Merrill Lynch cut growth forecasts for 2019",2019-06-04,0.00037853114190511405,0.99871826171875,0.000903229636605829,-1,0.99871826171875,0,0.000903229636605829,1,0.00037853114190511405
85,CBC,Sonia Furstenau announces she's running for leader of B.C. Green Party. Cowichan Valley MLA is 1 of 2 remaining Green Party representatives in the legislature,2020-01-27,0.026364922523498535,3.090071913902648e-05,0.9736042022705078,0,0.9736042022705078,1,0.026364922523498535,-1,3.090071913902648e-05
86,CBC,Record 18 million passengers flew in and out of Calgary airport in 2019. Uptick in travellers came despite grounding of Boeing 737 Max planes,2020-01-24,0.5450233221054077,0.09889087080955505,0.3560858368873596,1,0.5450233221054077,0,0.3560858368873596,-1,0.09889087080955505
87,CBC,'This is not a new story': ATB report shows economic growth stalled in Alberta. 'We're not expecting a recession ... but we are seeing essentially a stalled economy',2019-09-10,0.015797996893525124,0.9832586050033569,0.0009434209205210209,-1,0.9832586050033569,1,0.015797996893525124,0,0.0009434209205210209
88,CBC,N.W.T. and Nunavut Chamber of Mines says industry to meet with feds soon. The N.W.T. and Nunavut Chamber of Mines says federal COVID-19 subsidy program does not work for industry,2020-04-14,0.05219714343547821,0.036340001970529556,0.9114628434181213,0,0.9114628434181213,1,0.05219714343547821,-1,0.036340001970529556
89,CBC,U.S. Federal Reserve leaves rates near zero as COVID-19 savages U.S. economy. Economists forecast sharpest downturn in U.S. history this quarter,2020-04-29,0.007374879438430071,0.9903762936592102,0.0022488038521260023,-1,0.9903762936592102,1,0.007374879438430071,0,0.0022488038521260023
92,CBC,"Budget watchdog slashes economic growth projections, partly blames coronavirus. Coronavirus could shave 0.3% off Canada's first quarter economic-growth, says PBO",2020-02-13,0.06487972289323807,0.19108697772026062,0.7440333366394043,0,0.7440333366394043,-1,0.19108697772026062,1,0.06487972289323807
93,CBC,"Quebec government under fire for ignoring COVID-19 impact in new budget. Premier says government will intervene if necessary, but current spending enough to deal with outbreak",2020-03-11,0.04043954610824585,0.8162605166435242,0.1432998925447464,-1,0.8162605166435242,0,0.1432998925447464,1,0.04043954610824585
94,CBC,"India's COVID-19 lockdown is among the strictest in the world but has yet to slow the spread. Phase 2 of India's lockdown includes some loosening of restrictions, but much of the economy remains shut down",2020-04-20,0.001130811870098114,0.981931209564209,0.016937972977757454,-1,0.981931209564209,0,0.016937972977757454,1,0.001130811870098114
95,CBC,Alberta government looking at low interest credit for struggling oil and gas companies. Jason Kenney says he's spoken with federal government about contributing funds,2020-03-12,0.02302328310906887,0.032186053693294525,0.9447906017303467,0,0.9447906017303467,-1,0.032186053693294525,1,0.02302328310906887
96,CBC,"Hello, Dolly! This St. John's startup had a role in country superstar's viral meme. If you've seen the #DollyPartonChallenge online, you've got HeyOrca to thank",2020-01-30,0.009647958911955357,0.00023538523237220943,0.9901166558265686,0,0.9901166558265686,1,0.009647958911955357,-1,0.00023538523237220943
97,CBC,"Andrew Scheer torques study in claim about the new NAFTA deal. Conservative leader's interpretation 'not accurate,' says economist",2019-08-02,0.004677868448197842,0.019974365830421448,0.9753477573394775,0,0.9753477573394775,-1,0.019974365830421448,1,0.004677868448197842
98,CBC,Sask. government's carbon tax study analysis 'didn't pass most basic of sniff tests': economist. Economist was co-author of a study the province chose not to release,2019-06-08,0.003704519709572196,0.059848375618457794,0.9364470839500427,0,0.9364470839500427,-1,0.059848375618457794,1,0.003704519709572196
101,CBC,"Japan preparing to declare state of emergency to COVID-19 fight. Month-long state of emergency expected to cover Tokyo, Osaka, Fukuoka and 4 other hard-hit prefectures",2020-04-06,0.002737177535891533,0.9947579503059387,0.0025048358365893364,-1,0.9947579503059387,1,0.002737177535891533,0,0.0025048358365893364
102,CBC,"At least 58 migrants dead after boat capsizes off Mauritania, UN agency says. Incident is one of the deadliest this year for migrants trying to make it to Europe",2019-12-05,0.019661810249090195,0.7334485054016113,0.24688974022865295,-1,0.7334485054016113,0,0.24688974022865295,1,0.019661810249090195
103,CBC,"NAFTA to come up during Trudeau, Trump meeting at NATO. U.S. likely to press Canada to increase military spending during summit sideline chat",2019-12-03,0.009048305451869965,0.003344104625284672,0.9876076579093933,0,0.9876076579093933,1,0.009048305451869965,-1,0.003344104625284672
105,CBC,"Sask. Premier Moe 'disappointed' after meeting with Prime Minister Trudeau. Moe said no commitment on new pipelines, amendments to equalization formula",2019-11-12,0.004734008107334375,0.000983549514785409,0.9942824840545654,0,0.9942824840545654,1,0.004734008107334375,-1,0.000983549514785409
106,CBC,"Bank of Canada and the U.S. Fed have very different worries: Don Pittis. Canada sees risk but holds rate steady, while U.S. cuts rates to provide 'insurance'  ",2019-10-31,0.037501923739910126,0.9573265314102173,0.005171603988856077,-1,0.9573265314102173,1,0.037501923739910126,0,0.005171603988856077
107,CBC,Alberta ended 2019 with more job losses and 'mild recession': reports. Conference Board says province should return to economic growth in 2020 and 2021 ,2020-02-27,0.014212638139724731,0.975810170173645,0.009977131150662899,-1,0.975810170173645,1,0.014212638139724731,0,0.009977131150662899
108,CBC,"Business sentiment improves after downturn early in year. Global trade tensions, weakness in oilpatch still hang over Canadian outlook",2019-06-28,0.004929742310196161,0.9658735394477844,0.029196687042713165,-1,0.9658735394477844,0,0.029196687042713165,1,0.004929742310196161
109,CBC,Coronavirus: What's happening in Canada and around the world May 13. Concerns raised about reopening Que. and Ont.; parts of Alta. to relaunch Thursday,2020-05-14,0.007401327136904001,0.25672608613967896,0.7358725666999817,0,0.7358725666999817,-1,0.25672608613967896,1,0.007401327136904001
110,CBC,New Brunswick projects $88.1M surplus for 2019-20 fiscal year. 2nd-quarter results project net debt will dip below $14B by fiscal year end,2019-11-15,0.0033802720718085766,0.7618629932403564,0.23475676774978638,-1,0.7618629932403564,0,0.23475676774978638,1,0.0033802720718085766
111,CBC,Alberta looks to private sector and pipelines to deliver better times. Kenney government reveals 'ambitious' plan for economic growth ,2019-10-25,0.9484308362007141,0.004506800789386034,0.04706244170665741,1,0.9484308362007141,0,0.04706244170665741,-1,0.004506800789386034
113,CBC,"Conservation Council recommends more local food security as part of COVID-19 recovery plan. Group also calls for more protection of natural areas and more reliable, affordable electricity system ",2020-04-24,0.04439907893538475,0.0030610216781497,0.95253986120224,0,0.95253986120224,1,0.04439907893538475,-1,0.0030610216781497
114,CBC,"Bowman backs cities' request to feds for up to $15B for COVID-19 budget relief. Winnipeg finances relatively OK, but mayor says 'we're not immune to the crisis facing municipalities'",2020-04-24,0.09955620020627975,0.861230194568634,0.039213597774505615,-1,0.861230194568634,1,0.09955620020627975,0,0.039213597774505615
115,CBC,"Manitoba's premier says province has the highest debt in the country. Not so, says CIBC economist. Premier Brian Pallister has repeatedly said debt burden is one of the reasons for cost-cutting",2020-04-24,0.1900462955236435,0.7961715459823608,0.013782216235995293,-1,0.7961715459823608,1,0.1900462955236435,0,0.013782216235995293
116,CBC,Cities ask Liberals for up to $15B in emergency funding to stave off COVID-19 budget crisis. 'Buck stops with the federal government' to help municipalities,2020-04-24,0.0899641215801239,0.003232919843867421,0.9068028926849365,0,0.9068028926849365,1,0.0899641215801239,-1,0.003232919843867421
117,CBC,"This pandemic is redefining what qualifies as a political 'crisis'. On Friday, the federal government reversed itself on some core policy — and no one even remarked on it",2020-03-21,0.013296634890139103,0.48867467045783997,0.49802863597869873,0,0.49802863597869873,-1,0.48867467045783997,1,0.013296634890139103
119,CBC,Promising back-to-back deficits isn't political suicide in Canada anymore. The Conservatives' softer line on budgets shows the deficit isn't a burning issue for many voters,2019-10-02,0.05854323133826256,0.017674919217824936,0.9237818717956543,0,0.9237818717956543,1,0.05854323133826256,-1,0.017674919217824936
120,CBC,"Greta Thunberg was right: There is an alternative to 'eternal economic growth': Don Pittis. Climate activist called endless economic growth a 'fairy tale,' but it may depend on how you define growth",2019-09-26,0.021940933540463448,0.002724836813285947,0.975334107875824,0,0.975334107875824,1,0.021940933540463448,-1,0.002724836813285947
121,CBC,"'Stroller brigades' across B.C. make plea for national child-care strategy. All the major federal parties have committed to current levels of funding, but B.C. group wants more",2019-10-05,0.0023901115637272596,0.00021107541397213936,0.997398853302002,0,0.997398853302002,1,0.0023901115637272596,-1,0.00021107541397213936
122,CBC,"Here's what to expect from Ontario's not-quite-a-budget, as COVID-19 throws economy off track. Support for health system, businesses will feature in Finance Minister Rod Phillips' 'fiscal update'",2020-03-25,0.21529839932918549,0.1033187210559845,0.6813828349113464,0,0.6813828349113464,1,0.21529839932918549,-1,0.1033187210559845
123,CBC,New N.W.T. finance minister delivers glum fiscal outlook. Finance Minister Caroline Wawzonek asked her colleagues to temper their expectations,2019-12-12,0.008799421600997448,0.174091175198555,0.8171093463897705,0,0.8171093463897705,-1,0.174091175198555,1,0.008799421600997448
125,CBC,"'So much uncertainty': New data highlights global economic pain from COVID-19. France's economy shrank by 5.8%, the biggest quarterly drop since 1949, as Germany projects 6.3% GDP decline",2020-04-30,0.0013523133238777518,0.9984052777290344,0.00024239147023763508,-1,0.9984052777290344,1,0.0013523133238777518,0,0.00024239147023763508
128,CBC,"When it comes to personal finances, most Canadian voters have the same concerns. Canada is a vast and diverse country, but data shows many of us are facing similar economic challenges",2019-09-15,0.30821311473846436,0.4820603132247925,0.20972654223442078,-1,0.4820603132247925,1,0.30821311473846436,0,0.20972654223442078
133,CBC,"Calgary Stampede economic spinoff to surge with BMO Centre expansion, says report. 'The economic impact will grow dramatically'",2019-12-02,0.406303346157074,0.2534602880477905,0.3402363657951355,1,0.406303346157074,0,0.3402363657951355,-1,0.2534602880477905
134,CBC,Boeing's CEO inherits 737 Max crisis created under his predecessor. David Calhoun took over Monday as Boeing's 3rd CEO in 5 years,2020-01-13,0.48259732127189636,0.02743474580347538,0.4899680018424988,0,0.4899680018424988,1,0.48259732127189636,-1,0.02743474580347538
137,CBC,"Economic forecasts for Alberta point to recession, thousands of job losses. Province's economy to be hit hard by double whammy of COVID-19 and oil-price shock",2020-03-13,0.0012079306179657578,0.9962916374206543,0.0025004413910210133,-1,0.9962916374206543,0,0.0025004413910210133,1,0.0012079306179657578
138,CBC,"Canada's manufacturing heartland faces 'bumpy road' back, uncertain future after COVID-19. Ontario lost more than 31,000 manufacturing jobs in March, far more than any other province",2020-04-16,0.24404026567935944,0.7472835183143616,0.008676190860569477,-1,0.7472835183143616,1,0.24404026567935944,0,0.008676190860569477
139,CBC,How COVID-19 could hit the Doug Ford government's budget. Forecasting COVID-19 impact on Ontario's economic growth a challenge as budget looms on March 25,2020-03-10,0.19648592174053192,0.23621731996536255,0.5672967433929443,0,0.5672967433929443,-1,0.23621731996536255,1,0.19648592174053192
140,CBC,Oil price plunge will not be factored into upcoming Sask. budget. Western Canadian Select price drops to $20 US per barrel,2020-03-10,0.02227812074124813,0.9773874878883362,0.0003343488497193903,-1,0.9773874878883362,1,0.02227812074124813,0,0.0003343488497193903
144,CBC,"B.C. is taking advantage of international students by doubling their MSP fees, advocate says. Mandatory health-care coverage rose from $37.50 to $75 on same day it was eliminated for British Columbians",2020-01-06,0.4053052067756653,0.005672555882483721,0.5890222191810608,0,0.5890222191810608,1,0.4053052067756653,-1,0.005672555882483721
145,CBC,"With rail blockades lifted, effort begins to measure economic damage. Bank estimate puts economic cost of blockades at 0.3% of GDP, equal to all Canada’s growth in late 2019",2020-03-06,0.0006955693825148046,0.9990704655647278,0.0002339595666853711,-1,0.9990704655647278,1,0.0006955693825148046,0,0.0002339595666853711
146,CBC,North American markets end best year since 2013 thanks to big gains in tech stocks. The Toronto Stock Exchange's S&P/TSX composite index was up 19% on the year,2020-01-02,0.4474298357963562,0.41669055819511414,0.13587963581085205,1,0.4474298357963562,-1,0.41669055819511414,0,0.13587963581085205
147,CBC,Canada's energy sector swings to profit in Q1 on higher oil prices. The energy sector's increase in operating profit outpaced all other major Canadian industries,2019-05-24,0.16648142039775848,0.7814054489135742,0.05211309716105461,-1,0.7814054489135742,1,0.16648142039775848,0,0.05211309716105461
148,CBC,Canada launching 'one-stop' site for energy-sector data and analysis. Chief statistician says project's goal is to become 'the trusted source' for such information,2019-08-27,0.08570856600999832,0.00026819531922228634,0.9140233397483826,0,0.9140233397483826,1,0.08570856600999832,-1,0.00026819531922228634
149,CBC,Some provinces face huge debt under current policies: PBO report. Aging population and rising health-care costs will put pressure on provincial budgets,2020-02-27,0.010512290522456169,0.9436313509941101,0.045856405049562454,-1,0.9436313509941101,0,0.045856405049562454,1,0.010512290522456169
150,CBC,"Province's employment numbers dropped 25,000 in first impact of COVID-19. 'The health-care problem is one side of this. The economic problem is going to have its own victims'",2020-04-10,0.002995014190673828,0.9556387066841125,0.041366320103406906,-1,0.9556387066841125,0,0.041366320103406906,1,0.002995014190673828
152,CBC,"Federal intellectual property strategy includes $30M to help green tech sector. Growth in green technology sector is a priority, Min. Navdeep Bains says",2019-08-01,0.0011338324984535575,8.382034866372123e-05,0.9987823367118835,0,0.9987823367118835,1,0.0011338324984535575,-1,8.382034866372123e-05
153,CBC,"OPINION | Calgary Stampede: More than just a rodeo. The Stampede is Calgary’s largest arts festival. That's just been cancelled, too",2020-04-24,0.004414337687194347,0.3928159773349762,0.6027697324752808,0,0.6027697324752808,-1,0.3928159773349762,1,0.004414337687194347
154,CBC,Why Hong Kong student protests matter to markets and vice versa: Don Pittis. Financial markets are engines of prosperity but they can be destroyed,2019-11-14,0.10128502547740936,0.08030477911233902,0.8184100985527039,0,0.8184100985527039,1,0.10128502547740936,-1,0.08030477911233902
156,CBC,$750M contract awarded for new Corner Brook hospital. New facility is a P3 partnership model,2019-06-28,0.07151629030704498,1.30355410874472e-05,0.9284706711769104,0,0.9284706711769104,1,0.07151629030704498,-1,1.30355410874472e-05
157,CBC,"Toronto reports 190 deaths related to COVID-19 as medical officer warns of second wave. 281 people are in hospital with 109 in intensive care units, Dr. Eileen de Villa says",2020-04-22,0.01587049663066864,0.010490668006241322,0.9736387729644775,0,0.9736387729644775,1,0.01587049663066864,-1,0.010490668006241322
158,CBC,Why Manitoba's middle-of-the-road economy cannot weather a pandemic on its own. Premier Brian Pallister wants Manitoba to be the 1st province to reopen,2020-04-22,0.15790288150310516,0.0063094571232795715,0.8357875943183899,0,0.8357875943183899,1,0.15790288150310516,-1,0.0063094571232795715
159,CBC,Quebec government hands out money to families in economic update. Province expected to finish the 2019-2020 fiscal year with $1.4B surplus,2019-11-08,0.05834263563156128,0.9251513481140137,0.016506090760231018,-1,0.9251513481140137,1,0.05834263563156128,0,0.016506090760231018
162,CBC,"P.E.I. has yet to have a COVID-19 hospitalization but hasn't dodged the economic impact of pandemic. Province's agriculture, fisheries and tourism have been hurt during crisis",2020-05-01,0.0003451390948612243,0.9845304489135742,0.015124360099434853,-1,0.9845304489135742,0,0.015124360099434853,1,0.0003451390948612243
163,CBC,"Canada Pension Plan board president says the retirement fund is safe, despite economic downturn. ‘This is one thing they should take off their list to worry about,’ says Mark Machin",2020-04-06,0.0009839155245572329,0.001504782005213201,0.9975112676620483,0,0.9975112676620483,-1,0.001504782005213201,1,0.0009839155245572329
167,CBC,"Summer telecommunication outages cost Yellowknife economy $10M, says chamber. Businesses had trouble accepting payment during disruptions, says Yellowknife Chamber of Commerce ",2019-09-04,0.004929168615490198,0.0006016268744133413,0.994469165802002,0,0.994469165802002,1,0.004929168615490198,-1,0.0006016268744133413
172,CBC,"U.S. strike against GM could lead to Canadian layoffs. St. Catharines, Ont.,  plant could face layoffs within days, union president says",2019-09-16,0.004986796528100967,0.3499857187271118,0.6450275182723999,0,0.6450275182723999,-1,0.3499857187271118,1,0.004986796528100967
176,CBC,Feds announce $2B for women who operate their own business. Federal government has goal of doubling women-led Canadian businesses by 2025,2019-07-26,0.1279088854789734,0.3392336070537567,0.5328575372695923,0,0.5328575372695923,-1,0.3392336070537567,1,0.1279088854789734
177,CBC,"The man, the myth: How Xi Jinping's rise from village life explains China's ambitions. 'To believe in the Chinese flag is to believe in President Xi,' says one Communist Party member",2019-11-29,0.00022571573208551854,0.00042024118010886014,0.9993539452552795,0,0.9993539452552795,-1,0.00042024118010886014,1,0.00022571573208551854
178,CBC,"As COVID-19 hits the economy, bailouts are a fresh reminder why governments matter: Don Pittis. When this is all over, will penny-pinchers remember the value of governments?",2020-03-20,0.5019071102142334,0.38985034823417664,0.10824256390333176,1,0.5019071102142334,-1,0.38985034823417664,0,0.10824256390333176
181,CBC,"Vancouver needs 10,000 affordable housing units a year to address rental 'backlog,' report advises. There’s a mismatch between what’s being built and what renters need, says economist Mark Lee",2019-12-12,0.0006094635464251041,0.0008821369265206158,0.9985083937644958,0,0.9985083937644958,-1,0.0008821369265206158,1,0.0006094635464251041
183,CBC,1/4 of P.E.I.'s jobs could disappear by May. Some banks predicting economy will shrink as COVID-19 hits P.E.I.’s primary industries hard,2020-04-09,0.012619209475815296,0.9629586338996887,0.02442217618227005,-1,0.9629586338996887,0,0.02442217618227005,1,0.012619209475815296
188,CBC,"With little to say on coronavirus, is Quebec's budget 'of the future' out of sync with the present?. Finance minister’s budget bets outbreak is more public health than economic problem",2020-03-11,0.20954960584640503,0.7183141708374023,0.07213620096445084,-1,0.7183141708374023,1,0.20954960584640503,0,0.07213620096445084
189,CBC,"Canada facing renewed pressure from U.S. to meet NATO defence spending benchmark. 'Canada has got a lot of real estate to defend,' new U.S. national security adviser says",2019-11-24,0.00418529286980629,0.03450231999158859,0.9613124132156372,0,0.9613124132156372,-1,0.03450231999158859,1,0.00418529286980629
191,CBC,"'I've had a muskrat on my back,' Dwight Ball tells annual Liberal fundraiser. Premier Dwight Ball proclaims N.L. will be the energy capital of Canada by 2030",2019-11-06,0.3728508949279785,0.4898895025253296,0.1372596025466919,-1,0.4898895025253296,1,0.3728508949279785,0,0.1372596025466919
192,CBC,"Detective work and a culture of cleanliness — has Japan found its own way to stop COVID-19?. So far, Japan has had fewer than 3,000 confirmed cases",2020-04-04,0.09375005960464478,0.7807270884513855,0.12552283704280853,-1,0.7807270884513855,0,0.12552283704280853,1,0.09375005960464478
193,CBC,"Artists are getting us through COVID-19. Never question their value again. If this crisis is an opportunity for change, let's start paying artists their dues",2020-04-03,0.04266423359513283,0.0057131098583340645,0.9516226649284363,0,0.9516226649284363,1,0.04266423359513283,-1,0.0057131098583340645
194,CBC,"More than 10K jobs lost in N.L. food service: industry group. 'It was the toughest thing I've ever had to do,' says Merchant Tavern co-owner",2020-04-03,0.00446645263582468,0.0006007531774230301,0.9949328303337097,0,0.9949328303337097,1,0.00446645263582468,-1,0.0006007531774230301
195,CBC,Portugal's ruling Socialists top general election. Not yet clear if PM Antonio Costa's party gained enough seats for majority,2019-10-06,0.005329352803528309,0.0007724127499386668,0.9938982725143433,0,0.9938982725143433,1,0.005329352803528309,-1,0.0007724127499386668
198,CBC,Freeland agrees to NDP trade pitch in return for new NAFTA support: letter. Liberals agree to inform House of 'intent to enter into negotiations' on new deals 90 days before they begin ,2020-02-20,0.05380171164870262,0.2291242927312851,0.7170740365982056,0,0.7170740365982056,-1,0.2291242927312851,1,0.05380171164870262
200,CBC,"Tax the rich, spend on the poor: 3 years in, this is still an NDP government. But with an economy still performing tops in Canada, the government can comfortably stay the course",2020-02-19,0.5132595300674438,0.002307649003341794,0.4844328463077545,1,0.5132595300674438,0,0.4844328463077545,-1,0.002307649003341794
209,CBC,B.C. budget 2020 promises new tax on wealthy to help ensure future surpluses. Higher taxes on the top 1% to bring in $216 million next fiscal year ,2020-02-18,0.04159403592348099,0.9268258213996887,0.03158009424805641,-1,0.9268258213996887,1,0.04159403592348099,0,0.03158009424805641
210,CBC,"'Austerity does not work,' Manitoba Liberals say, as party vows to pay off spending hike with economic growth. Liberals commit $1.4 billion in spending in first year to repair services left neglected by other governments",2019-09-08,0.026454005390405655,0.952097475528717,0.02144858054816723,-1,0.952097475528717,1,0.026454005390405655,0,0.02144858054816723
211,CBC,"How slower economic growth could put pressure on the federal Liberals. Newsletter: As China’s influence grows, shocks to its economy will be felt by us all",2020-02-16,0.01003003865480423,0.05032647028565407,0.9396435022354126,0,0.9396435022354126,-1,0.05032647028565407,1,0.01003003865480423
212,CBC,"Alberta government focuses on high debt, not improved deficit, revenue numbers in Q1 update.  Government says debt would have been $120B by 2024 under previous NDP plan",2019-08-27,0.18544432520866394,0.4913102090358734,0.32324543595314026,-1,0.4913102090358734,0,0.32324543595314026,1,0.18544432520866394
213,CBC,Some provinces skeptical after money laundering wake-up call. New report finds criminals wash billions in dirty money through Canadian economy,2019-05-20,0.31291261315345764,0.6274648308753967,0.05962252989411354,-1,0.6274648308753967,1,0.31291261315345764,0,0.05962252989411354
214,CBC,NATO marks 70 years with mutual suspicion and insults. Doubt in the era of Trump: will the U.S. step up when the chips are down?,2019-12-01,0.13522733747959137,0.028818732127547264,0.835953950881958,0,0.835953950881958,1,0.13522733747959137,-1,0.028818732127547264
215,CBC,"Manitoba government delivers cautious budget as COVID-19 rattles economy. Revised budget estimates negative economic growth in 1st half of 2020, rebound by end of year",2020-03-19,0.00578858470544219,0.9850532412528992,0.009158198721706867,-1,0.9850532412528992,0,0.009158198721706867,1,0.00578858470544219
216,CBC,"In the unequal world of work, Canada's a bit more egalitarian. In the U.K., U.S. and Germany, the share of pay going to highest income workers has risen",2019-07-05,0.03221779316663742,0.2835923135280609,0.6841898560523987,0,0.6841898560523987,-1,0.2835923135280609,1,0.03221779316663742
218,CBC,"'Money out of our pockets': Ottawa meat producers frustrated by China ban. Market price for cattle has dropped 10 per cent in past week, farmer says",2019-06-30,0.005942310206592083,0.9235336184501648,0.07052407413721085,-1,0.9235336184501648,0,0.07052407413721085,1,0.005942310206592083
219,CBC,Bank of Canada holds key interest rate steady at 1.75%. Decision in line with what economists were expecting,2019-05-29,0.054455261677503586,0.0061549777165055275,0.9393897652626038,0,0.9393897652626038,1,0.054455261677503586,-1,0.0061549777165055275
220,CBC,"Alberta could slip back into recession this year, says new report. 'Investment levels will sink to even more depressed levels as the energy sector struggles'",2019-05-28,0.00035757673322223127,0.9984833598136902,0.0011591403745114803,-1,0.9984833598136902,0,0.0011591403745114803,1,0.00035757673322223127
221,CBC,"Energy industry needs national strategy that includes pipelines and carbon tax, report argues. Policy should promote infrastructure to get oil and gas to non-U.S. markets, says PricewaterhouseCoopers",2019-05-22,0.046015530824661255,0.14050078392028809,0.813483715057373,0,0.813483715057373,-1,0.14050078392028809,1,0.046015530824661255
223,CBC,"Federal government to announce supports for people, businesses hit by COVID-19 on Wednesday. PM says Ottawa expecting 'significant economic impacts' from COVID-19",2020-03-10,0.053429242223501205,0.7264570593833923,0.22011373937129974,-1,0.7264570593833923,0,0.22011373937129974,1,0.053429242223501205
224,CBC,"Outlook 'brightened' for Alberta oil production, Conference Board of Canada says. 'We think this is going to be a bit of turning point for Alberta in 2020'",2019-12-17,0.04399905726313591,0.6985427141189575,0.2574582099914551,-1,0.6985427141189575,0,0.2574582099914551,1,0.04399905726313591
225,CBC,"Edmonton's economic agency could see reduced role, downsizing. Report recommends changing EEDC mandate to focus on tourism, convention centres",2019-12-11,0.2501305043697357,0.020396394655108452,0.7294731140136719,0,0.7294731140136719,1,0.2501305043697357,-1,0.020396394655108452
226,CBC,China is on a mission to re-make the world. CBC News examines the stakes for Canada.  CBC News series explores China's expanding sphere of influence,2019-12-03,0.3960670828819275,0.0015466735931113362,0.6023862361907959,0,0.6023862361907959,1,0.3960670828819275,-1,0.0015466735931113362
227,CBC,Polarizing ex-defence secretary Gotabaya Rajapaksa wins Sri Lanka presidential vote. Victory marks return of family ousted from power in 2015 amid various allegations,2019-11-18,0.0037049492821097374,0.9361074566841125,0.06018754839897156,-1,0.9361074566841125,0,0.06018754839897156,1,0.0037049492821097374
228,CBC,Regina residents facing 3.25 per cent property tax hike in proposed 2020 city budget. Proposed budget to come before council in December ,2019-11-15,0.00713218841701746,0.029686590656638145,0.96318119764328,0,0.96318119764328,-1,0.029686590656638145,1,0.00713218841701746
229,CBC,"Drug resistance likely to kill 400,000 Canadians by 2050, report predicts. Problem already costs the national health-care system $1.4B a year",2019-11-13,0.006246522068977356,0.9933322072029114,0.0004213325446471572,-1,0.9933322072029114,1,0.006246522068977356,0,0.0004213325446471572
230,CBC,Trump extends U.S. physical distancing guidelines until April 30. Many had worried U.S. president would lift restrictions too soon,2020-03-30,0.011670817621052265,0.2971319854259491,0.6911971569061279,0,0.6911971569061279,-1,0.2971319854259491,1,0.011670817621052265
232,CBC,"Moncton woman celebrates new home, but warns hundreds still struggle with homelessness. MLA David Coon said 'systemic change' needed to increase affordable housing, which has become a dominant issue",2020-02-08,0.9009926915168762,0.07428112626075745,0.024726253002882004,1,0.9009926915168762,-1,0.07428112626075745,0,0.024726253002882004
233,CBC,"Why the Bloc Québécois came back from the dead to haunt the Liberals. By recycling old arguments, Trudeau and the other leaders appeared out of touch with Quebec",2019-10-20,0.0032836333848536015,0.0010028097312897444,0.9957135915756226,0,0.9957135915756226,1,0.0032836333848536015,-1,0.0010028097312897444
235,CBC,'It's been tough': Edmonton's job market limps into new year. 'I'm beginning to see now that the statistics ring true so it's been tough',2020-01-26,0.0004971628659404814,0.9987983703613281,0.000704440928529948,-1,0.9987983703613281,0,0.000704440928529948,1,0.0004971628659404814
237,CBC,"Deficits can mean pain ahead, or they can be an investment in the future: Don Pittis. When does government spending become reckless? No one seems to know anymore",2019-10-01,0.0006345281144604087,0.002135307528078556,0.9972301125526428,0,0.9972301125526428,-1,0.002135307528078556,1,0.0006345281144604087
238,CBC,The candidates for Regina‒Lewvan and where they stand on the issues. Candidates gathered for panel discussion Friday,2019-09-28,0.0006227538688108325,3.567726889741607e-05,0.9993416666984558,0,0.9993416666984558,1,0.0006227538688108325,-1,3.567726889741607e-05
240,CBC,"Trudeau, Singh target auto sector votes with different takes on new NAFTA. Liberals claim they fought for workers, while NDP says auto sector deserves a better deal",2019-09-18,0.4405807554721832,0.00037670950405299664,0.5590425133705139,0,0.5590425133705139,1,0.4405807554721832,-1,0.00037670950405299664
241,CBC,"Trudeau unveils $82B COVID-19 emergency response package for Canadians, businesses. PM says 'extraordinary' measures include tax deferrals, wage subsidies for small businesses",2020-03-19,0.12956571578979492,0.8538351655006409,0.016599148511886597,-1,0.8538351655006409,1,0.12956571578979492,0,0.016599148511886597
242,CBC,"'We're a bit stuck': CEO of Alberta bank expects province's economic struggles to continue. Woes continue for energy and construction sectors, while manufacturing and logistics industries grow",2019-09-06,0.027320336550474167,0.8359373807907104,0.13674235343933105,-1,0.8359373807907104,0,0.13674235343933105,1,0.027320336550474167
244,CBC,N.B. COVID-19 roundup: Higgs in no hurry to open borders. There are 117 cases of COVID-19 across the province,2020-04-17,0.0909823551774025,0.0026572688948363066,0.9063603281974792,0,0.9063603281974792,1,0.0909823551774025,-1,0.0026572688948363066
245,CBC,"CBC News poll: Why the economic crisis could speed up transition to renewable energy. Poll suggests Albertans support energy transition, but it’s complicated",2020-04-16,0.1066473051905632,0.012536761350929737,0.8808159232139587,0,0.8808159232139587,1,0.1066473051905632,-1,0.012536761350929737
246,CBC,Why a Canadian Muslim is boycotting the hajj over Saudi war crimes. 'The hajj is governed by the Saudi regime and I do not agree at all with the atrocities they've committed',2019-08-09,0.026176877319812775,0.8335226774215698,0.1403004676103592,-1,0.8335226774215698,0,0.1403004676103592,1,0.026176877319812775
250,CBC,Union wants Northern Pulp effluent treatment plant built now. Unifor suggests construction could happen now while pipeline details are worked out,2019-08-07,0.0017774439183995128,0.0002635328855831176,0.9979590177536011,0,0.9979590177536011,1,0.0017774439183995128,-1,0.0002635328855831176
253,CBC,Premiers end summit saying Canadian unity is strong - with some exceptions. Between 50 and 60 per cent of Albertans support potential secession from the federation: Kenney,2019-07-11,0.009262547828257084,0.030782494693994522,0.9599549770355225,0,0.9599549770355225,-1,0.030782494693994522,1,0.009262547828257084
254,CBC,Canadian and U.S. economies are converging but danger lurks: Don Pittis. Poloz and Wilkins warn that markets overestimate the power of a rate-cut quick fix,2019-07-11,0.29421207308769226,0.5937653183937073,0.11202262341976166,-1,0.5937653183937073,1,0.29421207308769226,0,0.11202262341976166
255,CBC,"Canada keeps breaking jobs records, but that could end Friday: Don Pittis. The end may be nigh. How long can Canada keep up its job creation frenzy?",2019-07-04,0.04121652618050575,0.3617992699146271,0.5969842076301575,0,0.5969842076301575,-1,0.3617992699146271,1,0.04121652618050575
256,CBC,"Despite a strong economy, cost of living still top of mind for Canadians. An accounting of the economic data shows that perceptions don't quite match reality",2019-07-02,0.016970627009868622,0.2128353863954544,0.7701939940452576,0,0.7701939940452576,-1,0.2128353863954544,1,0.016970627009868622
257,CBC,"Why this economist says equalization reform isn't the answer if Alberta wants help during its busts. Revised fiscal stabilization program would hold most promise for the province, Bev Dahlby argues",2019-06-26,0.0038926617708057165,0.0006222015945240855,0.9954851865768433,0,0.9954851865768433,1,0.0038926617708057165,-1,0.0006222015945240855
259,CBC,"Canadian agriculture is using more energy — but more efficiently, too. Productivity gains outpace steep rise in agricultural energy use since 1990",2019-06-24,0.02889150194823742,0.9238789081573486,0.047229547053575516,-1,0.9238789081573486,0,0.047229547053575516,1,0.02889150194823742
261,CBC,This isn't Thomas Mulcair's NDP anymore. Jagmeet Singh unveils a platform that embraces taxes and promises big things,2019-06-18,0.5995222330093384,0.01091455016285181,0.3895632326602936,1,0.5995222330093384,0,0.3895632326602936,-1,0.01091455016285181
262,CBC,"Despite labour shortages, Nova Scotia's ocean tech sector is booming. 'The bottleneck is labour, has been for years. But it's much worse now than it's ever been'",2019-06-17,0.08603730797767639,0.9122310876846313,0.0017316237790510058,-1,0.9122310876846313,1,0.08603730797767639,0,0.0017316237790510058
264,CBC,"The anger is real, but is western separatism?. There's no denying the anger in the west, but quantifying what that means for Confederation isn't so easy",2019-10-28,0.015772579237818718,0.0007567001157440245,0.9834707379341125,0,0.9834707379341125,1,0.015772579237818718,-1,0.0007567001157440245
265,CBC,"75 years after D-Day, has the old alliance fallen apart?. The united front that cracked open Fortress Europe isn't what it used to be",2019-06-05,0.007509162649512291,0.035418156534433365,0.9570726752281189,0,0.9570726752281189,-1,0.035418156534433365,1,0.007509162649512291
266,CBC,"Gov't wants to 'evolve' N.W.T.'s small manufacturing sector with new strategy. Hopes to grow number of local manufacturers, increase their sales by 25% over 3 years",2019-06-03,0.6057267189025879,0.018828747794032097,0.37544456124305725,1,0.6057267189025879,0,0.37544456124305725,-1,0.018828747794032097
267,CBC,"How a shift to electric vehicles is driving change in 'China's Silicon Valley'. Other cities should follow lead of Shenzhen, where entire bus fleet and 99% of taxis are now electric",2019-06-01,0.5233150124549866,0.0024127233773469925,0.47427231073379517,1,0.5233150124549866,0,0.47427231073379517,-1,0.0024127233773469925
268,CBC,"Why overlooked green energy sector is an economic powerhouse: Don Pittis. As politicians declare themselves open for business, they may have a blind spot",2019-05-23,0.04901989549398422,0.00604863278567791,0.9449314475059509,0,0.9449314475059509,1,0.04901989549398422,-1,0.00604863278567791
270,CBC,"New Chinese ambassador doesn't budge on detainees, Hong Kong during press conference. Cong Peiwu also warns Canada not to follow U.S. example over Hong Kong's pro-democracy protests",2019-11-22,0.20007941126823425,0.2499116063117981,0.55000901222229,0,0.55000901222229,-1,0.2499116063117981,1,0.20007941126823425
271,CBC,"Teamsters point finger at CN Rail over propane shortage from strike. Garneau says train with propane heading to Quebec, repeats support for collective bargaining",2019-11-22,0.016743171960115433,0.03430689126253128,0.9489498734474182,0,0.9489498734474182,-1,0.03430689126253128,1,0.016743171960115433
272,CBC,"Budget aimed at health care, education and poverty likely to fuel N.S. election talk. Fallout from Northern Pulp closure and coronavirus could hurt province's economic growth",2020-02-25,0.03137415274977684,0.9529685974121094,0.015657249838113785,-1,0.9529685974121094,1,0.03137415274977684,0,0.015657249838113785
273,CBC,How will Scheer's views on abortion and same-sex marriage impact the Conservatives?. The Canada Votes newsletter is your weekly tip-sheet as we count down to Oct. 21.,2019-09-01,0.0673498809337616,0.001482532941736281,0.9311675429344177,0,0.9311675429344177,1,0.0673498809337616,-1,0.001482532941736281
274,CBC,"The NDP platform: ambitious promises, lots of uncertainty. More than 90 per cent of party's new tax measures judged difficult to deliver on by PBO",2019-10-12,0.03398897126317024,0.06953875720500946,0.8964722156524658,0,0.8964722156524658,-1,0.06953875720500946,1,0.03398897126317024
275,CBC,What Canada's economy would look like if Alberta's recession never happened. Politicians often say a 'strong Alberta' means a 'strong Canada.' Economist Trevor Tombe brought the receipts,2019-09-30,0.021010421216487885,0.305821031332016,0.6731685400009155,0,0.6731685400009155,-1,0.305821031332016,1,0.021010421216487885
276,CBC,"Liberals to boost spending and extend deficits while taxing luxury goods and internet giants. Trudeau offers support for students, sexual assault training for judges and new tax on internet giants",2019-09-29,0.28875449299812317,0.2993445098400116,0.41190096735954285,0,0.41190096735954285,-1,0.2993445098400116,1,0.28875449299812317
277,CBC,Trudeau's big — and underfunded — health care promises. Liberals' pledge to 'fix' gaps in health care system would cost billions more,2019-09-24,0.10077879577875137,0.46198973059654236,0.4372314214706421,-1,0.46198973059654236,0,0.4372314214706421,1,0.10077879577875137
278,CBC,"Winter is coming, and so is an uncharted economic abyss: Neil Macdonald. The economic situation scares me. But then, I'm not an economist",2019-08-13,0.0026764424983412027,0.00478981202468276,0.9925336837768555,0,0.9925336837768555,-1,0.00478981202468276,1,0.0026764424983412027
279,CBC,"Canada's economy would be less hurt by climate change than other countries, Moody's says. Consulting firm says climate change will come with winners and losers, economically speaking",2019-07-04,0.3114563226699829,0.0022895364090800285,0.68625408411026,0,0.68625408411026,1,0.3114563226699829,-1,0.0022895364090800285
281,CBC,"Coronavirus: What's happening in Canada and around the world April 22. Ontario now 2nd province seeking military help in care homes; COVID-19 deaths top 2,000 in Canada",2020-04-23,0.3101213872432709,0.10443556308746338,0.5854430794715881,0,0.5854430794715881,1,0.3101213872432709,-1,0.10443556308746338
282,CBC,"Trudeau-Trump spat cast a shadow over a summit that got things done, say leaders. Trump called Trudeau 'two-faced' after the PM was caught talking about the president in a reception video",2019-12-04,0.06178874522447586,0.1864989548921585,0.7517123222351074,0,0.7517123222351074,-1,0.1864989548921585,1,0.06178874522447586
283,CBC,"Separated at birth, how two provinces have now reunited in alienation. The alliance between Alberta and Saskatchewan brings added leverage to a fight over long-standing grievances",2019-11-06,0.2118564248085022,0.11001006513834,0.6781335473060608,0,0.6781335473060608,1,0.2118564248085022,-1,0.11001006513834
285,CBC,"Emboldened by impending acquittal, Trump uses state of the union as stump speech. An emboldened U.S. president sees little reason to reach across the aisle",2020-02-06,0.3919239044189453,0.002828033175319433,0.6052480936050415,0,0.6052480936050415,1,0.3919239044189453,-1,0.002828033175319433
287,CBC,"For Canada, the G20 summit in Saudi Arabia could be far more tense than most. Ottawa has won UN praise for its public stances on Saudi offences - but it's still on for the summit",2019-07-10,0.05722057819366455,0.25791865587234497,0.6848607659339905,0,0.6848607659339905,-1,0.25791865587234497,1,0.05722057819366455
288,CBC,OPINION | Election 2019: A national reckoning on climate change. This campaign offers three different visions for Canada’s future climate change policies,2019-10-16,0.03060952201485634,0.02720598503947258,0.9421843886375427,0,0.9421843886375427,1,0.03060952201485634,-1,0.02720598503947258
289,CBC,How much will the defence file matter to voters?. The Canada Votes newsletter is your weekly tip-sheet as we count down to Oct. 21,2019-07-14,0.011442752555012703,0.001542967977002263,0.9870141744613647,0,0.9870141744613647,1,0.011442752555012703,-1,0.001542967977002263
290,CBC,How troubles with China are becoming an election issue. The Canada Votes newsletter is your weekly tip-sheet as we count down to Oct. 21.,2019-06-09,0.04746243730187416,0.0012216366594657302,0.9513159394264221,0,0.9513159394264221,1,0.04746243730187416,-1,0.0012216366594657302
291,CBC,The candidates: Hay River South. Rocky Simpson challenges Wally Schumann in Hay River South riding,2019-09-19,0.01068105734884739,5.1405790145508945e-05,0.9892675280570984,0,0.9892675280570984,1,0.01068105734884739,-1,5.1405790145508945e-05
292,CBC,The candidates: Yellowknife South. Caroline Wawzonek and Gaeleen McPherson vie for Premier Bob McLeod's former seat,2019-09-17,0.005945520009845495,0.004769793711602688,0.9892846941947937,0,0.9892846941947937,1,0.005945520009845495,-1,0.004769793711602688
